,Iris-setosa,Iris-versicolor,Iris-virginica,purity
0,50.0,3.0,0.0,0.9433962264150944
1,0.0,47.0,50.0,0.5154639175257731
2,50.0,50.0,50.0,0.6666666666666665
